朝倉,みなみ,1111@gmail.com,password,password,male,married,20000101
孫,悟空,2222@gmail.com,password,password,female,unmarried,19901231
クロノ,トリガー,3333@gmail.com,password,password,female,married,19850503
乃木坂,四十六,4444@gmail.com,password,password,male,unmarried,20020202
高橋,名人,5555@gmail.com,password,password,female,unmarried,19990401
安倍,首相,6666@gmail.com,password,password,male,unmarried,19970803
ホリエ,モン,7777@gmail.com,password,password,male,married,20010203
ドラエ,モン,8888@gmail.com,password,password,female,unmarried,20050505
セーラー,ムーン,9999@gmail.com,password,password,female,unmarried,20090101
グレイ,テル,11111@gmail.com,password,password,male,married,20020303
トランプ,大統領,22222@gmail.com,password,password,male,married,19920304
大塚,愛,33333@gmail.com,password,password,female,unmarried,19940506
二宮,金次郎,44444@gmail.com,password,password,female,married,19790301
木村,カエラ,55555@gmail.com,password,password,male,unmarried,19770707
東京,事変,66666@gmail.com,password,password,male,married,19980807
宇多田,ヒカル,77777@gmail.com,password,password,female,unmarried,20000203
気志,團,88888@gmail.com,password,password,female,married,20040130
きめつの,やいば,99999@gmail.com,password,password,male,married,20030303
のび,のびた,00000@gmail.com,password,password,female,unmarried,19930524
西野,みなみ,0000@gmail.com,password,password,male,married,20031110
ばなな,まん,000@gmail.com,password,password,male,married,20000101
